id,prompt_id,model,response
1,1,LLM_A,A phishing attack is a type of cyberattack where an attacker impersonates a trusted entity such as a bank or a company to trick users into revealing sensitive information like passwords credit card numbers or personal data. This is usually done through fake emails messages or websites that appear legitimate. The attacker typically sends a message containing a malicious link. When the victim clicks the link they are redirected to a fake website that looks real. If the victim enters their credentials the attacker captures this information. Prevention methods include verifying the sender email address avoiding suspicious links using multi-factor authentication keeping software and browsers updated educating users about recognizing phishing attempts and using email filtering and security tools.
2,1,LLM_B,Phishing is a cyberattack in which criminals send fake messages that look trustworthy in order to steal information. These attacks often rely on emails that imitate banks online services or employers and may ask the user to click a link or open an attachment. In many cases the victim is redirected to a fake login page and enters credentials without realizing it. To reduce the risk users should inspect links carefully avoid opening suspicious attachments and rely on spam filters and awareness training. Multi-factor authentication also helps limit the damage if credentials are stolen.
3,2,LLM_A,Supervised learning and unsupervised learning are two main types of machine learning. In supervised learning the model is trained on labeled data meaning each input has a corresponding correct output. The goal is to learn a mapping from inputs to outputs. Common tasks include classification and regression. In unsupervised learning the model is trained on unlabeled data and it tries to find patterns or structures in the data without predefined labels. Common tasks include clustering and dimensionality reduction. Key differences are that supervised learning uses labeled data while unsupervised does not supervised focuses on prediction while unsupervised focuses on pattern discovery and supervised evaluation is usually more straightforward.
4,2,LLM_B,Supervised learning uses labeled examples so the algorithm learns from known answers and can later predict outcomes for new data. Unsupervised learning instead works without labeled outputs and searches for patterns similarities or hidden groupings in the data. A typical supervised task is classifying emails as spam or not spam while a typical unsupervised task is grouping customers by behavior. The main distinction is therefore whether the training data includes target labels. In practice supervised learning is often used when a clear prediction target exists whereas unsupervised learning is more exploratory.
5,3,LLM_A,A SQL injection attack occurs when an attacker inserts malicious SQL code into an input field such as a login form to manipulate a database query. This can allow unauthorized access to data modification of records or even deletion of entire databases. For example if user input is not properly sanitized an attacker could provide SQL commands that alter the intended query logic. Mitigation strategies include using prepared statements or parameterized queries validating and sanitizing user input applying least privilege access to databases using ORM frameworks that handle query building safely and regularly updating and patching systems.
6,3,LLM_B,SQL injection happens when an application builds database queries in an unsafe way and user input is treated as part of the SQL command. An attacker can exploit this by entering specially crafted text into a form field and causing the database to return or modify data it should not expose. The most effective defense is to use prepared statements so input values are separated from query logic. Additional protections include validating inputs limiting database permissions and avoiding verbose database error messages. This vulnerability is especially common in poorly secured web applications.
7,4,LLM_A,Anomaly detection is the process of identifying unusual patterns or outliers in data that do not conform to expected behavior. These anomalies may indicate errors fraud or rare events. It is used in various domains including fraud detection in banking and finance network security to detect intrusions or attacks industrial systems for fault detection healthcare for identifying abnormal patient data and monitoring systems and applications for unusual activity. Techniques include statistical methods machine learning models and clustering-based approaches.
8,4,LLM_B,Anomaly detection is a method used to find data points or behaviors that differ significantly from what is considered normal. In cybersecurity it can help identify unusual network traffic or suspicious user activity while in finance it is often used to detect fraud. It is also relevant in manufacturing predictive maintenance and healthcare monitoring. The idea is that rare or unexpected patterns may signal a problem worth investigating. Different approaches can be used including statistical thresholds clustering and machine learning models.
9,5,LLM_A,The CAP theorem states that a distributed system can only guarantee two out of the following three properties at the same time consistency availability and partition tolerance. Consistency means all nodes see the same data at the same time. Availability means the system always responds to requests. Partition tolerance means the system continues to operate despite network failures. In simple terms when a network partition occurs the system must choose between consistency and availability. It cannot fully guarantee both simultaneously. For example a system that prioritizes consistency may reject requests during failures while a system that prioritizes availability may return outdated data.
10,5,LLM_B,The CAP theorem explains that distributed systems face trade-offs between consistency availability and partition tolerance. Consistency means users see the same up to date data across nodes availability means the system responds to requests and partition tolerance means the system keeps functioning even if communication between nodes is disrupted. When a partition happens a system usually cannot preserve both strict consistency and full availability at the same time. For this reason some systems prefer to reject or delay requests while others continue responding with data that may not be fully current. The theorem is useful because it highlights why different distributed databases are designed differently.
